Abstract Blue	Emmet.jpg
Painting	Beach.jpg
Painting 2	Beach.jpg
Minimalist	Emmet.jpg
Minimalist Pointilism	Beach.jpg
Blurred Tiles	Beach.jpg
Reptile Skin	Beach.jpg
Colored Chalk	Emmet.jpg
Colored Chalk Dense	Emmet.jpg
Crayon	Emmet.jpg
Cybernetic Dream	Emmet.jpg
Dark Omen	Beach.jpg
Smeared Fingerprint	Emmet.jpg
Diana's Painting	Beach.jpg
Distorted Reality	Beach.jpg
Duotone Painting	Beach.jpg
Soft Duotone Painting	Emmet.jpg
Faded Memory	Emmet.jpg
Old Comic	Emmet.jpg
Fauvism	Emmet.jpg
Impressionistic	Beach.jpg
Impure	Beach.jpg
Impure Pale	Beach.jpg
Ink on Cardboard	Emmet.jpg
Ink on Cardboard 2	Emmet.jpg
Neon	Emmet.jpg
Electric Universe	Beach.jpg
Contemporary Art	Beach.jpg
Contemporary Art 2	Beach.jpg
Monet	Beach.jpg
Pastel on broken Canvas	Beach.jpg
Pencil Scribbles	Beach.jpg
Pencil Scribbles Softer	Beach.jpg
Pencil Drawing	Beach.jpg
Pencil Drawing 2	Emmet.jpg
Retro Blue	Beach.jpg
Shifted Reality	Beach.jpg
Muted	Emmet.jpg
Very Muted	Emmet.jpg
Painted Wall	Beach.jpg
Smeared Paint	Beach.jpg
Watercolors	Emmet.jpg
Watercolor Speckles	Emmet.jpg
Colored Paper	Beach.jpg
Crumpled Paper	Beach.jpg
